id,forecastVolum
1,250
2,328
3,190
4,316
5,408
6,177
7,492
8,211
9,2404
10,357
11,711
12,170
13,338
14,385
15,602
16,401
17,318
18,292
19,649
20,107
21,338
22,252
23,294
24,320
25,249
26,234
27,623
28,413
29,980
30,313
31,3707
32,725
33,1351
34,444
35,647
36,725
37,972
38,667
39,617
40,997
41,873
42,265
43,377
44,550
45,178
46,359
47,253
48,468
49,455
50,169
51,476
52,203
53,1738
54,239
55,520
56,154
57,441
58,432
59,451
60,282
61,282
62,126
63,568
64,185
65,281
66,254
67,99
68,176
69,96
70,79
71,304
72,205
73,255
74,112
75,1852
76,275
77,757
78,195
79,295
80,354
81,683
82,355
83,340
84,313
85,272
86,104
87,192
88,151
89,202
90,3051
91,595
92,104
93,1475
94,1679
95,3104
96,1622
97,1619
98,2133
99,2003
100,725
101,3489
102,3385
103,1256
104,1393
105,1633
106,459
107,1077
108,315
109,1894
110,613
111,255
112,503
113,568
114,98
115,1173
116,1441
117,1608
118,607
119,4268
120,629
121,1649
122,798
123,1886
124,2312
125,901
126,1232
127,1378
128,393
129,340
130,604
131,530
132,469
133,1626
134,197
135,153
136,1438
137,352
138,406
139,1545
140,285
141,1341
142,125
143,1410
144,184
145,737
146,975
147,1028
148,295
149,210
150,228
151,347
152,146
153,377
154,231
155,228
156,85
157,43
158,66
159,178
160,335
161,279
162,50
163,223
164,66
165,856
166,161
167,145
168,220
169,333
170,181
171,180
172,105
173,54
174,88
175,132
176,27
177,736
178,331
179,273
180,359
181,940
182,852
183,898
184,347
185,862
186,289
187,1166
188,745
189,622
190,920
191,746
192,829
193,886
194,420
195,225
196,347
197,319
198,133
199,556
200,280
201,262
202,93
203,869
204,1367
205,1574
206,419
207,709
208,432
209,2154
210,913
211,925
212,1417
213,973
214,825
215,739
216,608
217,269
218,308
219,371
220,191
221,103
222,310
223,229
224,167
225,975
226,692
227,1527
228,537
229,1115
230,530
231,1078
232,703
233,1018
234,1694
235,1225
236,743
237,836
238,560
239,205
240,484
241,1027
242,89
243,45
244,488
245,310
246,51
247,953
248,610
249,1340
250,755
251,1047
252,524
253,686
254,558
255,1251
256,1424
257,554
258,581
259,691
260,322
261,368
262,397
263,875
264,229
265,96
266,793
267,560
268,43
269,1457
270,1160
271,1723
272,743
273,927
274,713
275,1362
276,745
277,1688
278,1977
279,904
280,944
281,794
282,436
283,357
284,435
285,709
286,561
287,288
288,1179
289,812
290,235
291,2139
292,2119
293,3295
294,815
295,1958
296,794
297,2480
298,1144
299,2063
300,4706
301,1601
302,1513
303,2090
304,779
305,800
306,845
307,878
308,580
309,667
310,483
311,517
312,854
313,858
314,891
315,1304
316,740
317,496
318,186
319,1624
320,372
321,1328
322,1094
323,740
324,353
325,469
326,333
327,269
328,422
329,610
330,102
331,63
332,761
333,569
334,194
335,1335
336,333
337,1657
338,614
339,1111
340,349
341,609
342,289
343,1654
344,1209
345,383
346,363
347,906
348,367
349,664
350,194
351,496
352,757
353,1008
354,595
355,324
356,232
357,1101
358,1017
359,1836
360,510
361,603
362,322
363,2334
364,725
365,1693
366,2326
367,796
368,586
369,788
370,541
371,274
372,585
373,550
374,184
375,257
376,545
377,569
378,104
379,997
380,858
381,2404
382,1020
383,391
384,245
385,1113
386,335
387,2049
388,1384
389,445
390,243
391,445
392,280
393,537
394,317
395,671
396,322
397,281
398,433
399,560
400,974
401,1036
402,705
403,1581
404,520
405,954
406,266
407,1496
408,363
409,1473
410,1409
411,741
412,572
413,478
414,430
415,771
416,376
417,496
418,865
419,503
420,419
421,113
422,202
423,591
424,610
425,750
426,109
427,727
428,168
429,912
430,455
431,539
432,515
433,856
434,477
435,578
436,405
437,184
438,263
439,224
440,151
441,290
442,373
443,316
444,272
445,1179
446,696
447,1083
448,313
449,551
450,231
451,1401
452,349
453,1277
454,1155
455,932
456,495
457,493
458,361
459,403
460,300
461,367
462,370
463,416
464,165
465,163
466,319
467,422
468,390
469,790
470,154
471,366
472,118
473,1023
474,165
475,754
476,733
477,806
478,206
479,210
480,177
481,153
482,74
483,202
484,141
485,29
486,43
487,52
488,21
489,139
490,318
491,471
492,177
493,62
494,41
495,181
496,40
497,480
498,254
499,51
500,105
501,110
502,22
503,87
504,73
505,72
506,67
507,740
508,326
509,107
510,702
511,779
512,432
513,665
514,127
515,1428
516,174
517,1587
518,298
519,442
520,386
521,1406
522,415
523,327
524,572
525,291
526,308
527,304
528,98
529,276
530,139
531,87
532,227
533,346
534,195
535,298
536,94
537,585
538,104
539,746
540,137
541,187
542,184
543,616
544,264
545,168
546,207
547,120
548,135
549,132
550,52
551,818
552,323
553,121
554,923
555,714
556,354
557,612
558,166
559,1361
560,170
561,1280
562,209
563,382
564,367
565,1073
566,505
567,298
568,413
569,301
570,247
571,272
572,105
573,101
574,39
575,21
576,77
577,84
578,71
579,128
580,20
581,131
582,25
583,288
584,27
585,80
586,59
587,250
588,48
589,40
590,32
591,30
592,24
593,41
594,20
595,499
596,181
597,117
598,405
599,544
600,365
601,489
602,121
603,785
604,110
605,1176
606,208
607,372
608,335
609,1016
610,338
611,300
612,221
613,286
614,150
615,269
616,101
617,250
618,118
619,89
620,137
621,238
622,197
623,334
624,91
625,404
626,84
627,628
628,112
629,213
630,178
631,609
632,230
633,173
634,156
635,86
636,89
637,99
638,51
639,528
640,298
641,165
642,796
643,613
644,354
645,616
646,136
647,1255
648,161
649,1269
650,258
651,441
652,422
653,1090
654,527
655,453
656,298
657,313
658,191
659,296
660,122
661,601
662,279
663,90
664,572
665,618
666,461
667,517
668,100
669,1324
670,185
671,1370
672,246
673,444
674,406
675,1456
676,346
677,391
678,370
679,265
680,284
681,262
682,96
683,247
684,685
685,177
686,101
687,474
688,1263
689,1962
690,550
691,2953
692,1967
693,1629
694,624
695,1245
696,3701
697,845
698,523
699,1081
700,414
701,477
702,183
703,677
704,466
705,392
706,211
707,262
708,53
709,537
710,305
711,555
712,153
713,137
714,64
715,838
716,211
717,483
718,390
719,311
720,149
721,279
722,178
723,61
724,103
725,493
726,58
727,307
728,139
729,42
730,87
731,211
732,128
733,289
734,43
735,108
736,26
737,443
738,62
739,191
740,192
741,244
742,70
743,115
744,79
745,40
746,81
747,104
748,32
749,178
750,71
751,92
752,477
753,462
754,221
755,753
756,175
757,1484
758,299
759,812
760,285
761,451
762,303
763,648
764,552
765,470
766,561
767,275
768,332
769,162
770,82
771,180
772,339
773,476
774,568
775,786
776,236
777,704
778,270
779,1467
780,334
781,616
782,268
783,808
784,602
785,533
786,968
787,549
788,373
789,565
790,406
791,537
792,272
793,48
794,118
795,83
796,24
797,236
798,152
799,221
800,90
801,460
802,120
803,452
804,154
805,202
806,299
807,288
808,143
809,201
810,162
811,99
812,93
813,74
814,50
815,185
816,261
817,302
818,192
819,726
820,437
821,1624
822,587
823,3370
824,1187
825,1520
826,708
827,1100
828,1193
829,878
830,698
831,944
832,840
833,929
834,361
835,327
836,463
837,268
838,423
839,357
840,440
841,463
842,510
843,1050
844,514
845,2147
846,324
847,942
848,369
849,958
850,1054
851,800
852,1036
853,689
854,667
855,729
856,173
857,463
858,591
859,157
860,270
861,224
862,126
863,294
864,311
865,571
866,224
867,1314
868,241
869,717
870,269
871,457
872,587
873,630
874,628
875,280
876,382
877,243
878,170
879,210
880,188
881,125
882,25
883,29
884,220
885,36
886,45
887,291
888,88
889,850
890,32
891,343
892,30
893,212
894,144
895,293
896,52
897,35
898,56
899,98
900,26
901,34
902,40
903,160
904,251
905,107
906,113
907,343
908,284
909,454
910,196
911,2557
912,254
913,602
914,221
915,425
916,350
917,588
918,445
919,328
920,498
921,264
922,143
923,143
924,122
925,309
926,134
927,219
928,508
929,393
930,340
931,841
932,387
933,2333
934,144
935,946
936,257
937,750
938,609
939,1016
940,532
941,478
942,525
943,767
944,162
945,245
946,388
947,201
948,44
949,43
950,305
951,247
952,75
953,226
954,35
955,309
956,42
957,215
958,60
959,102
960,97
961,85
962,113
963,102
964,70
965,85
966,105
967,118
968,34
969,104
970,54
971,47
972,26
973,177
974,439
975,421
976,99
977,385
978,36
979,636
980,270
981,302
982,638
983,597
984,234
985,212
986,163
987,33
988,29
989,77
990,29
991,28
992,61
993,33
994,28
995,92
996,174
997,358
998,31
999,42
1000,28
1001,339
1002,96
1003,241
1004,210
1005,228
1006,171
1007,177
1008,43
1009,58
1010,26
1011,104
1012,25
1013,217
1014,95
1015,45
1016,141
1017,557
1018,716
1019,636
1020,136
1021,837
1022,158
1023,1698
1024,421
1025,489
1026,1460
1027,930
1028,477
1029,442
1030,384
1031,137
1032,308
1033,214
1034,66
1035,27
1036,141
1037,280
1038,26
1039,394
1040,212
1041,1115
1042,505
1043,299
1044,176
1045,326
1046,103
1047,1046
1048,683
1049,291
1050,102
1051,140
1052,142
1053,444
1054,33
1055,236
1056,245
1057,260
1058,323
1059,190
1060,189
1061,642
1062,810
1063,745
1064,203
1065,576
1066,144
1067,970
1068,473
1069,770
1070,1087
1071,1100
1072,507
1073,487
1074,339
1075,138
1076,203
1077,346
1078,98
1079,140
1080,149
1081,26
1082,26
1083,232
1084,219
1085,372
1086,64
1087,297
1088,93
1089,504
1090,145
1091,375
1092,334
1093,320
1094,141
1095,143
1096,170
1097,46
1098,113
1099,147
1100,26
1123,278
1124,228
1125,42
1126,76
1127,531
1128,574
1129,426
1130,53
1131,922
1132,195
1133,1112
1134,288
1135,311
1136,453
1137,689
1138,359
1139,303
1140,434
1141,86
1142,271
1143,149
1144,41
1145,342
1146,384
1147,212
1148,362
1149,650
1150,243
1151,742
1152,151
1153,1270
1154,190
1155,585
1156,174
1157,568
1158,557
1159,396
1160,346
1161,384
1162,193
1163,218
1164,361
1165,251
1166,246
1167,200
1168,243
1169,143
1170,66
1171,704
1172,963
1173,793
1174,276
1175,779
1176,388
1177,1215
1178,429
1179,619
1180,1430
1181,403
1182,363
1183,690
1184,373
1185,113
1186,387
1187,609
1188,83
1189,34
1190,65
1191,120
1192,30
1193,117
1194,159
1195,424
1196,55
1197,35
1198,35
1199,105
1200,82
1201,196
1202,370
1203,47
1204,146
1205,470
1206,35
1207,48
1208,77
1209,312
1210,70
1211,93
1212,438
1213,386
1214,92
1215,1038
1216,435
1217,632
1218,573
1219,446
1220,224
1221,617
1222,311
1223,964
1224,831
1225,340
1226,270
1227,473
1228,157
1229,125
1230,672
1231,636
1232,106
1233,267
1234,786
1235,582
1236,228
1237,1609
1238,682
1239,903
1240,462
1241,996
1242,345
1243,1337
1244,485
1245,999
1246,1585
1247,820
1248,529
1249,1031
1250,411
1251,234
1252,1353
1253,845
1254,188
1255,22
1256,659
1257,41
1258,67
1259,362
1260,107
1261,342
1262,85
1263,324
1264,24
1265,395
1266,55
1267,475
1268,430
1269,294
1270,303
1271,226
1272,82
1273,136
1274,431
1275,136
1276,23
1277,47
1278,121
1279,67
1280,63
1281,526
1282,111
1283,305
1284,104
1285,175
1286,89
1287,363
1288,81
1289,511
1290,384
1291,134
1292,51
1293,178
1294,93
1295,21
1296,545
1297,339
1298,22
1299,262
1300,71
1301,58
1302,59
1303,375
1304,426
1305,427
1306,187
1307,294
1308,122
1309,836
1310,268
1311,298
1312,605
1313,278
1314,306
1315,282
1316,113
1317,41
1318,45
1319,188
1320,24
1321,140
1322,111
1323,70
1324,70
1325,277
1326,221
1327,182
1328,39
1329,669
1330,203
1331,411
1332,105
1333,110
1334,115
1335,394
1336,288
1337,407
1338,140
1339,92
1340,115
1341,303
1342,47
1343,159
1344,203
1345,128
1346,209
1347,198
1348,97
1349,288
1350,132
1351,1633
1352,206
1353,477
1354,101
1355,224
1356,204
1357,412
1358,226
1359,185
1360,174
1361,489
1362,72
1363,190
1364,189
1365,293
1366,321
1367,216
1368,240
1369,560
1370,300
1371,866
1372,323
1373,2249
1374,789
1375,1420
1376,360
1377,756
1378,720
1379,1243
1380,569
1381,560
1382,1098
1383,1119
1384,191
1385,308
1386,704
1387,100
1388,210
1389,156
1390,254
1391,244
1392,82
1393,230
1394,124
1395,1054
1396,122
1397,277
1398,77
1399,257
1400,228
1401,228
1402,152
1403,158
1404,70
1405,291
1406,100
1407,174
1408,153
1409,88
1410,135
1411,80
1412,64
1413,224
1414,132
1415,229
1416,97
1417,1462
1418,211
1419,625
1420,139
1421,311
1422,313
1423,686
1424,254
1425,263
1426,331
1427,300
1428,71
1429,139
1430,151
1431,154
1432,2132
1433,425
1434,83
1435,1237
1436,1186
1437,2287
1438,1276
1439,1502
1440,1414
1441,1535
1442,614
1443,2257
1444,2205
1445,1281
1446,992
1447,1024
1448,315
1449,979
1450,180
1451,1135
1452,541
1453,146
1454,321
1455,349
1456,61
1457,629
1458,658
1459,998
1460,440
1461,2113
1462,436
1463,1055
1464,455
1465,1301
1466,1593
1467,650
1468,578
1469,831
1470,246
1471,254
1472,297
1473,298
1474,372
1475,1197
1476,138
1477,122
1478,1285
1479,273
1480,302
1481,1065
1482,248
1483,911
1484,90
1485,1038
1486,118
1487,682
1488,713
1489,794
1490,208
1491,172
1492,184
1493,305
1494,100
1495,302
1496,168
1497,177
1498,40
1499,18
1500,34
1501,140
1502,212
1503,188
1504,28
1505,158
1506,40
1507,550
1508,109
1509,112
1510,173
1511,302
1512,135
1513,118
1514,60
1515,30
1516,41
1517,66
1518,19
1519,579
1520,218
1521,185
1522,279
1523,565
1524,419
1525,682
1526,255
1527,578
1528,179
1529,987
1530,414
1531,466
1532,671
1533,564
1534,473
1535,516
1536,246
1537,168
1538,198
1539,188
1540,103
1541,548
1542,199
1543,192
1544,64
1545,764
1546,1014
1547,1497
1548,466
1549,691
1550,429
1551,1818
1552,592
1553,917
1554,1341
1555,1092
1556,504
1557,565
1558,531
1559,227
1560,189
1561,334
1562,103
1563,46
1564,188
1565,148
1566,153
1567,608
1568,381
1569,947
1570,320
1571,591
1572,309
1573,687
1574,307
1575,711
1576,961
1577,772
1578,269
1579,362
1580,425
1581,138
1582,241
1583,504
1584,62
1585,39
1586,263
1587,191
1588,52
1589,486
1590,255
1591,837
1592,458
1593,531
1594,311
1595,411
1596,230
1597,1099
1598,681
1599,368
1600,241
1601,307
1602,185
1603,263
1604,182
1605,398
1606,170
1607,69
1608,550
1609,375
1610,59
1611,908
1612,541
1613,985
1614,519
1615,495
1616,386
1617,956
1618,415
1619,1079
1620,915
1621,637
1622,455
1623,452
1624,276
1625,223
1626,217
1627,347
1628,482
1629,166
1630,683
1631,449
1632,143
1633,866
1634,894
1635,1161
1636,487
1637,914
1638,376
1639,1507
1640,452
1641,1197
1642,1483
1643,1001
1644,545
1645,762
1646,414
1647,551
1648,314
1649,395
1650,480
1651,444
1652,290
1653,371
1654,830
1655,504
1656,456
1657,915
1658,501
1659,288
1660,104
1661,949
1662,196
1663,995
1664,692
1665,459
1666,177
1667,285
1668,164
1669,149
1670,227
1671,398
1672,68
1673,47
1674,730
1675,480
1676,157
1677,1556
1678,249
1679,1898
1680,582
1681,1209
1682,240
1683,490
1684,172
1685,1917
1686,1146
1687,402
1688,231
1689,597
1690,312
1691,771
1692,118
1693,398
1694,810
1695,579
1696,561
1697,302
1698,314
1699,872
1700,878
1701,1376
1702,596
1703,614
1704,223
1705,1735
1706,438
1707,1291
1708,1447
1709,845
1710,439
1711,586
1712,519
1713,354
1714,433
1715,484
1716,160
1717,203
1718,345
1719,370
1720,66
1721,780
1722,525
1723,1815
1724,802
1725,316
1726,149
1727,926
1728,152
1729,1763
1730,996
1731,384
1732,124
1733,246
1734,155
1735,476
1736,177
1737,436
1738,307
1739,204
1740,326
1741,400
1742,959
1743,613
1744,396
1745,1021
1746,359
1747,522
1748,141
1749,1074
1750,211
1751,1132
1752,1039
1753,531
1754,329
1755,292
1756,299
1757,625
1758,229
1759,319
1760,828
1761,307
1762,211
1763,56
1764,136
1765,348
1766,289
1767,478
1768,46
1769,459
1770,88
1771,698
1772,179
1773,342
1774,245
1775,687
1776,194
1777,265
1778,197
1779,101
1780,115
1781,96
1782,87
1783,249
1784,300
1785,279
1786,275
1787,865
1788,584
1789,902
1790,316
1791,523
1792,158
1793,1194
1794,274
1795,1190
1796,925
1797,793
1798,363
1799,319
1800,289
1801,468
1802,212
1803,287
1804,403
1805,471
1806,169
1807,174
1808,391
1809,459
1810,432
1811,1057
1812,148
1813,459
1814,118
1815,1379
1816,184
1817,824
1818,762
1819,1036
1820,207
1821,236
1822,188
1823,178
1824,72
1825,224
1826,188
1827,18
1828,22
1829,36
1830,17
1831,67
1832,177
1833,306
1834,113
1835,45
1836,29
1837,117
1838,28
1839,286
1840,131
1841,46
1842,55
1843,68
1844,16
1845,65
1846,36
1847,52
1848,48
1849,468
1850,177
1851,82
1852,499
1853,432
1854,256
1855,427
1856,94
1857,962
1858,96
1859,1040
1860,162
1861,283
1862,275
1863,1038
1864,229
1865,209
1866,347
1867,191
1868,183
1869,169
1870,65
1871,174
1872,87
1873,57
1874,163
1875,203
1876,113
1877,176
1878,59
1879,289
1880,64
1881,427
1882,65
1883,113
1884,112
1885,407
1886,131
1887,102
1888,120
1889,69
1890,69
1891,65
1892,33
1893,414
1894,180
1895,77
1896,602
1897,414
1898,166
1899,285
1900,76
1901,767
1902,89
1903,926
1904,121
1905,224
1906,216
1907,688
1908,231
1909,147
1910,226
1911,169
1912,139
1913,147
1914,67
1915,77
1916,30
1917,19
1918,55
1919,72
1920,62
1921,110
1922,15
1923,130
1924,17
1925,268
1926,21
1927,67
1928,65
1929,235
1930,47
1931,33
1932,22
1933,29
1934,17
1935,36
1936,18
1937,290
1938,116
1939,87
1940,299
1941,302
1942,221
1943,335
1944,83
1945,439
1946,65
1947,683
1948,111
1949,287
1950,205
1951,698
1952,159
1953,154
1954,135
1955,201
1956,92
1957,140
1958,77
1959,219
1960,109
1961,85
1962,144
1963,220
1964,158
1965,245
1966,75
1967,367
1968,64
1969,603
1970,95
1971,212
1972,152
1973,572
1974,147
1975,145
1976,142
1977,79
1978,60
1979,78
1980,51
1981,279
1982,152
1983,102
1984,437
1985,292
1986,182
1987,304
1988,76
1989,617
1990,87
1991,647
1992,113
1993,268
1994,214
1995,680
1996,224
1997,222
1998,156
1999,210
2000,98
2001,156
2002,73
2003,416
2004,190
2005,68
2006,379
2007,396
2008,243
2009,315
2010,76
2011,776
2012,94
2013,1038
2014,130
2015,295
2016,259
2017,1187
2018,195
2019,238
2020,243
2021,151
2022,162
2023,144
2024,70
2025,138
2026,434
2027,99
2028,69
2029,253
2030,793
2031,1345
2032,299
2033,2222
2034,1229
2035,1248
2036,265
2037,1028
2038,2165
2039,553
2040,238
2041,533
2042,266
2043,359
2044,94
2045,365
2046,329
2047,310
2048,167
2049,190
2050,40
2051,385
2052,178
2053,473
2054,131
2055,132
2056,49
2057,739
2058,131
2059,409
2060,302
2061,327
2062,118
2063,178
2064,139
2065,49
2066,54
2067,364
2068,49
2069,140
2070,92
2071,37
2072,61
2073,139
2074,81
2075,203
2076,38
2077,67
2078,19
2079,335
2080,34
2081,144
2082,125
2083,200
2084,37
2085,76
2086,46
2087,27
2088,40
2089,75
2090,22
2091,110
2092,44
2093,67
2094,266
2095,203
2096,116
2097,518
2098,92
2099,817
2100,151
2101,566
2102,122
2103,316
2104,159
2105,455
2106,239
2107,233
2108,377
2109,153
2110,166
2111,86
2112,65
2113,88
2114,206
2115,262
2116,415
2117,501
2118,115
2119,451
2120,146
2121,1000
2122,157
2123,391
2124,120
2125,565
2126,346
2127,330
2128,475
2129,278
2130,212
2131,451
2132,205
2133,283
2134,202
2135,30
2136,78
2137,63
2138,31
2139,138
2140,78
2141,133
2142,58
2143,285
2144,68
2145,271
2146,91
2147,157
2148,129
2149,218
2150,65
2151,100
2152,84
2153,77
2154,54
2155,40
2156,36
2157,177
2158,231
2159,286
2160,214
2161,606
2162,398
2163,1241
2164,682
2165,2183
2166,1107
2167,1444
2168,596
2169,1191
2170,1047
2171,986
2172,585
2173,765
2174,806
2175,1130
2176,290
2177,224
2178,517
2179,135
2180,257
2181,241
2182,273
2183,275
2184,275
2185,517
2186,312
2187,1220
2188,181
2189,495
2190,213
2191,530
2192,543
2193,408
2194,488
2195,393
2196,375
2197,413
2198,99
2199,281
2200,384
2201,113
2202,193
2203,154
2204,76
2205,208
2206,191
2207,402
2208,165
2209,1176
2210,155
2211,595
2212,166
2213,369
2214,390
2215,512
2216,332
2217,175
2218,309
2219,206
2220,92
2221,126
2222,155
2223,80
2224,24
2225,18
2226,143
2227,28
2228,29
2229,165
2230,51
2231,454
2232,21
2233,214
2234,23
2235,148
2236,70
2237,203
2238,30
2239,24
2240,28
2241,64
2242,21
2243,23
2244,23
2245,109
2246,166
2247,69
2248,67
2249,187
2250,148
2251,337
2252,121
2253,1363
2254,138
2255,496
2256,123
2257,304
2258,227
2259,546
2260,255
2261,167
2262,378
2263,224
2264,81
2265,92
2266,97
2267,198
2268,71
2269,120
2270,277
2271,193
2272,145
2273,507
2274,218
2275,1336
2276,67
2277,636
2278,111
2279,568
2280,313
2281,726
2282,246
2283,204
2284,318
2285,608
2286,74
2287,119
2288,252
2289,137
2290,30
2291,23
2292,205
2293,157
2294,60
2295,130
2296,22
2297,174
2298,24
2299,130
2300,29
2301,78
2302,65
2303,67
2304,59
2305,64
2306,57
2307,56
2308,59
2309,68
2310,26
2311,54
2312,34
2313,31
2314,19
2315,82
2316,155
2317,184
2318,58
2319,185
2320,29
2321,331
2322,110
2323,179
2324,230
2325,293
2326,87
2327,83
2328,71
2329,26
2330,20
2331,50
2332,21
2333,24
2334,38
2335,24
2336,25
2337,59
2338,50
2339,167
2340,25
2341,27
2342,24
2343,101
2344,42
2345,88
2346,68
2347,88
2348,55
2349,55
2350,29
2351,45
2352,25
2353,45
2354,23
2355,117
2356,51
2357,20
2358,74
2359,244
2360,268
2361,283
2362,57
2363,387
2364,67
2365,916
2366,144
2367,240
2368,540
2369,524
2370,164
2371,174
2372,195
2373,67
2374,131
2375,92
2376,39
2377,28
2378,66
2379,141
2380,23
2381,144
2382,97
2383,582
2384,288
2385,120
2386,94
2387,126
2388,47
2389,748
2390,288
2391,177
2392,48
2393,61
2394,84
2395,276
2396,36
2397,94
2398,170
2399,134
2400,142
2401,89
2402,105
2403,231
2404,309
2405,375
2406,99
2407,247
2408,62
2409,568
2410,189
2411,493
2412,517
2413,606
2414,170
2415,172
2416,126
2417,73
2418,89
2419,134
2420,50
2421,64
2422,112
2423,18
2424,26
2425,186
2426,160
2427,290
2428,38
2429,273
2430,69
2431,482
2432,93
2433,268
2434,231
2435,244
2436,82
2437,94
2438,117
2439,43
2440,79
2441,87
2442,27
2465,145
2466,146
2467,26
2468,59
2469,334
2470,337
2471,257
2472,39
2473,587
2474,125
2475,766
2476,143
2477,247
2478,341
2479,533
2480,201
2481,162
2482,303
2483,69
2484,184
2485,89
2486,40
2487,179
2488,194
2489,120
2490,217
2491,376
2492,120
2493,371
2494,76
2495,588
2496,92
2497,386
2498,67
2499,352
2500,269
2501,177
2502,134
2503,176
2504,75
2505,133
2506,173
2507,127
2508,150
2509,131
2510,141
2511,74
2512,36
2513,330
2514,413
2515,439
2516,158
2517,411
2518,194
2519,853
2520,163
2521,462
2522,761
2523,264
2524,133
2525,248
2526,193
2527,72
2528,162
2529,283
2530,49
2531,18
2532,30
2533,60
2534,20
2535,54
2536,54
2537,151
2538,28
2539,16
2540,18
2541,51
2542,38
2543,90
2544,111
2545,25
2546,41
2547,118
2548,17
2549,27
2550,34
2551,105
2552,29
2553,47
2554,268
2555,216
2556,55
2557,589
2558,162
2559,331
2560,334
2561,306
2562,128
2563,367
2564,133
2565,555
2566,409
2567,238
2568,120
2569,214
2570,91
2571,81
2572,394
2573,278
2574,67
2575,125
2576,392
2577,283
2578,130
2579,742
2580,257
2581,459
2582,266
2583,485
2584,136
2585,724
2586,173
2587,556
2588,571
2589,461
2590,198
2591,400
2592,195
2593,131
2594,599
2595,328
2596,115
2597,28
2598,829
2599,36
2600,65
2601,280
2602,94
2603,251
2604,77
2605,290
2606,29
2607,323
2608,52
2609,440
2610,300
2611,222
2612,218
2613,162
2614,75
2615,125
2616,277
2617,90
2618,27
2619,34
2620,64
2621,34
2622,40
2623,300
2624,69
2625,157
2626,62
2627,148
2628,49
2629,182
2630,51
2631,269
2632,171
2633,116
2634,22
2635,101
2636,48
2637,16
2638,224
2639,155
2640,14
2641,196
2642,38
2643,39
2644,30
2645,163
2646,183
2647,200
2648,99
2649,184
2650,62
2651,533
2652,143
2653,181
2654,319
2655,196
2656,124
2657,141
2658,56
2659,19
2660,24
2661,99
2662,13
2663,80
2664,66
2665,46
2666,37
2667,159
2668,94
2669,93
2670,19
2671,331
2672,94
2673,235
2674,51
2675,73
2676,70
2677,220
2678,131
2679,202
2680,62
2681,66
2682,67
2683,157
2684,29
2685,259
2686,286
2687,198
2688,316
2689,321
2690,152
2691,451
2692,214
2693,2752
2694,372
2695,803
2696,153
2697,369
2698,341
2699,679
2700,374
2701,341
2702,310
2703,712
2704,111
2705,309
2706,361
2707,431
2708,462
2709,309
2710,350
2711,793
2712,426
2713,1303
2714,476
2715,4360
2716,1028
2717,2370
2718,543
2719,1061
2720,1120
2721,1757
2722,819
2723,865
2724,1501
2725,1563
2726,272
2727,482
2728,1061
2729,139
2730,279
2731,233
2732,404
2733,364
2734,122
2735,365
2736,173
2737,1626
2738,186
2739,427
2740,127
2741,418
2742,360
2743,365
2744,243
2745,241
2746,127
2747,492
2748,146
2749,243
2750,287
2751,166
2752,226
2753,161
2754,133
2755,361
2756,210
2757,435
2758,212
2759,3398
2760,437
2761,1020
2762,300
2763,466
2764,584
2765,1179
2766,457
2767,525
2768,671
2769,551
2770,139
2771,223
2772,315
2773,185
2774,2498
2775,526
2776,114
2777,1217
2778,1145
2779,2738
2780,1253
2781,1882
2782,1760
2783,1651
2784,684
2785,2696
2786,2929
2787,1279
2788,974
2789,1140
2790,427
2791,1033
2792,203
2793,1193
2794,695
2795,221
2796,496
2797,588
2798,96
2799,821
2800,995
2801,1765
2802,635
2803,4287
2804,685
2805,1599
2806,781
2807,2648
2808,2711
2809,996
2810,1027
2811,1393
2812,390
2813,387
2814,444
2815,468
2816,590
2817,1464
2818,231
2819,202
2820,1575
2821,426
2822,441
2823,1697
2824,388
2825,1409
2826,155
2827,1598
2828,204
2829,1045
2830,1061
2831,1259
2832,333
2833,278
2834,303
2835,483
2836,177
2837,463
2838,334
2839,373
2840,55
2841,40
2842,51
2843,223
2844,340
2845,339
2846,52
2847,301
2848,57
2849,737
2850,222
2851,188
2852,324
2853,543
2854,232
2855,219
2856,130
2857,51
2858,54
2859,109
2860,33
2861,815
2862,301
2863,311
2864,478
2865,811
2866,704
2867,1071
2868,424
2869,1096
2870,329
2871,1374
2872,708
2873,728
2874,1083
2875,861
2876,875
2877,968
2878,422
2879,268
2880,285
2881,338
2882,194
2883,1054
2884,373
2885,394
2886,146
2887,1406
2888,1793
2889,3485
2890,717
2891,1983
2892,771
2893,3839
2894,1170
2895,1856
2896,2865
2897,1945
2898,976
2899,1217
2900,887
2901,492
2902,339
2903,574
2904,246
2905,88
2906,237
2907,237
2908,338
2909,749
2910,542
2911,1431
2912,520
2913,1215
2914,521
2915,922
2916,519
2917,1008
2918,1440
2919,1381
2920,444
2921,675
2922,675
2923,201
2924,327
2925,725
2926,102
2927,48
2928,352
2929,258
2930,61
2931,590
2932,403
2933,1049
2934,595
2935,891
2936,452
2937,505
2938,359
2939,1215
2940,948
2941,528
2942,377
2943,521
2944,266
2945,365
2946,228
2947,474
2948,257
2949,111
2950,646
2951,528
2952,89
2953,1172
2954,694
2955,1568
2956,645
2957,961
2958,505
2959,1198
2960,648
2961,1602
2962,1534
2963,756
2964,710
2965,664
2966,448
2967,366
2968,299
2969,534
2970,685
2971,260
2972,898
2973,681
2974,252
2975,1256
2976,1125
2977,1763
2978,649
2979,1838
2980,576
2981,2147
2982,798
2983,1812
2984,1910
2985,1315
2986,938
2987,1205
2988,560
2989,902
2990,465
2991,602
2992,708
2993,773
2994,482
2995,690
2996,1138
2997,795
2998,788
2999,1413
3000,825
3001,696
3002,169
3003,1576
3004,392
3005,1543
3006,1163
3007,819
3008,369
3009,513
3010,328
3011,269
3012,419
3013,637
3014,119
3015,82
3016,893
3017,787
3018,242
3019,2397
3020,339
3021,2492
3022,823
3023,2024
3024,403
3025,700
3026,280
3027,2516
3028,1662
3029,588
3030,376
3031,926
3032,462
3033,1214
3034,148
3035,502
3036,1453
3037,1965
3038,792
3039,534
3040,448
3041,1395
3042,1254
3043,1871
3044,989
3045,1316
3046,459
3047,2442
3048,884
3049,1919
3050,2456
3051,1270
3052,835
3053,1121
3054,839
3055,619
3056,644
3057,933
3058,352
3059,300
3060,522
3061,648
3062,106
3063,1114
3064,792
3065,2565
3066,1252
3067,645
3068,252
3069,1180
3070,259
3071,2451
3072,1476
3073,537
3074,194
3075,423
3076,251
3077,755
3078,218
3079,633
3080,605
3081,297
3082,514
3083,651
3084,1103
3085,998
3086,665
3087,1727
3088,533
3089,979
3090,249
3091,1528
3092,345
3093,1591
3094,1598
3095,863
3096,575
3097,520
3098,468
3099,813
3100,372
3101,538
3102,1275
3103,479
3104,279
3105,99
3106,194
3107,508
3108,514
3109,697
3110,84
3111,718
3112,125
3113,975
3114,308
3115,527
3116,413
3117,945
3118,331
3119,495
3120,269
3121,157
3122,160
3123,145
3124,142
3125,381
3126,422
3127,460
3128,410
3129,1335
3130,920
3131,1338
3132,499
3133,982
3134,281
3135,2135
3136,481
3137,2090
3138,1465
3139,1240
3140,618
3141,565
3142,466
3143,719
3144,301
3145,440
3146,707
3147,712
3148,218
3149,269
3150,576
3151,642
3152,589
3153,1678
3154,208
3155,750
3156,200
3157,1991
3158,279
3159,1506
3160,1254
3161,1553
3162,345
3163,374
3164,301
3165,307
3166,108
3167,332
3168,351
3169,32
3170,32
3171,59
3172,24
3173,85
3174,237
3175,466
3176,192
3177,75
3178,44
3179,173
3180,38
3181,376
3182,207
3183,61
3184,88
3185,89
3186,33
3187,85
3188,60
3189,74
3190,75
3191,728
3192,251
3193,111
3194,733
3195,647
3196,395
3197,691
3198,148
3199,1298
3200,157
3201,1587
3202,268
3203,452
3204,397
3205,1572
3206,370
3207,365
3208,602
3209,297
3210,260
3211,251
3212,114
3213,274
3214,130
3215,110
3216,247
3217,319
3218,189
3219,288
3220,93
3221,521
3222,118
3223,707
3224,124
3225,205
3226,190
3227,680
3228,228
3229,181
3230,231
3231,129
3232,121
3233,117
3234,56
3235,661
3236,225
3237,123
3238,772
3239,510
3240,221
3241,437
3242,118
3243,1175
3244,125
3245,1213
3246,173
3247,306
3248,274
3249,1048
3250,351
3251,218
3252,324
3253,245
3254,164
3255,213
3256,106
3257,109
3258,35
3259,28
3260,87
3261,94
3262,78
3263,132
3264,26
3265,150
3266,26
3267,328
3268,32
3269,84
3270,79
3271,268
3272,55
3273,38
3274,33
3275,36
3276,26
3277,43
3278,24
3279,404
3280,142
3281,107
3282,437
3283,410
3284,260
3285,451
3286,101
3287,662
3288,93
3289,915
3290,165
3291,341
3292,274
3293,998
3294,239
3295,246
3296,190
3297,263
3298,118
3299,183
3300,104
3301,289
3302,145
3303,124
3304,194
3305,277
3306,191
3307,351
3308,98
3309,597
3310,91
3311,751
3312,149
3313,283
3314,196
3315,794
3316,219
3317,210
3318,200
3319,122
3320,85
3321,119
3322,76
3323,397
3324,212
3325,132
3326,675
3327,411
3328,256
3329,449
3330,107
3331,1006
3332,121
3333,871
3334,203
3335,401
3336,342
3337,869
3338,356
3339,377
3340,231
3341,316
3342,154
3343,228
3344,110
3345,714
3346,309
3347,119
3348,718
3349,686
3350,456
3351,648
3352,122
3353,1626
3354,171
3355,1639
3356,268
3357,534
3358,523
3359,1950
3360,399
3361,491
3362,442
3363,329
3364,297
3365,248
3366,126
3367,162
3368,453
3369,128
3370,100
3371,248
3372,644
3373,1525
3374,406
3375,2730
3376,1386
3377,1293
3378,341
3379,1091
3380,2600
3381,607
3382,291
3383,570
3384,315
3385,449
3386,111
3387,415
3388,457
3389,485
3390,204
3391,313
3392,61
3393,470
3394,264
3395,659
3396,197
3397,204
3398,57
3399,895
3400,206
3401,618
3402,453
3403,473
3404,184
3405,287
3406,212
3407,68
3408,76
3409,504
3410,82
3411,273
3412,132
3413,80
3414,100
3415,170
3416,131
3417,340
3418,74
3419,132
3420,58
3421,434
3422,79
3423,233
3424,211
3425,293
3426,76
3427,121
3428,92
3429,60
3430,84
3431,138
3432,66
3433,152
3434,56
3435,98
3436,367
3437,291
3438,157
3439,699
3440,138
3441,1481
3442,223
3443,754
3444,200
3445,447
3446,224
3447,647
3448,405
3449,340
3450,616
3451,219
3452,236
3453,120
3454,98
3455,106
3456,236
3457,403
3458,517
3459,554
3460,156
3461,573
3462,197
3463,1519
3464,229
3465,505
3466,177
3467,763
3468,490
3469,442
3470,754
3471,435
3472,259
3473,587
3474,281
3475,373
3476,302
3477,47
3478,82
3479,75
3480,46
3481,134
3482,96
3483,146
3484,73
3485,402
3486,117
3487,304
3488,120
3489,153
3490,161
3491,260
3492,105
3493,123
3494,124
3495,107
3496,66
3497,52
3498,53
3499,244
3500,273
3501,390
3502,282
3503,848
3504,508
3505,2057
3506,858
3507,4323
3508,1643
3509,2468
3510,954
3511,1601
3512,1481
3513,1498
3514,898
3515,1391
3516,1406
3517,1516
3518,358
3519,301
3520,718
3521,194
3522,340
3523,399
3524,327
3525,352
3526,346
3527,825
3528,438
3529,2157
3530,252
3531,644
3532,318
3533,678
3534,796
3535,612
3536,940
3537,499
3538,472
3539,584
3540,139
3541,375
3542,496
3543,165
3544,359
3545,306
3546,125
3547,381
3548,403
3549,812
3550,340
3551,2319
3552,382
3553,1004
3554,380
3555,685
3556,792
3557,888
3558,738
3559,443
3560,574
3561,399
3562,160
3563,259
3564,351
3565,129
3566,34
3567,39
3568,188
3569,45
3570,46
3571,210
3572,75
3573,694
3574,37
3575,278
3576,43
3577,202
3578,94
3579,283
3580,51
3581,40
3582,49
3583,87
3584,39
3585,37
3586,47
3587,154
3588,221
3589,119
3590,99
3591,292
3592,215
3593,493
3594,175
3595,2535
3596,210
3597,659
3598,224
3599,423
3600,385
3601,666
3602,429
3603,323
3604,599
3605,305
3606,112
3607,124
3608,159
3609,287
3610,120
3611,193
3612,416
3613,257
3614,236
3615,782
3616,335
3617,2728
3618,124
3619,938
3620,213
3621,792
3622,498
3623,1223
3624,424
3625,418
3626,488
3627,917
3628,121
3629,187
3630,500
3631,187
3632,35
3633,40
3634,315
3635,185
3636,60
3637,190
3638,33
3639,315
3640,37
3641,188
3642,38
3643,114
3644,99
3645,98
3646,91
3647,95
3648,84
3649,73
3650,85
3651,101
3652,38
3653,68
3654,40
3655,32
3656,23
3657,81
3658,161
3659,197
3660,68
3661,261
3662,30
3663,337
3664,141
3665,194
3666,265
3667,329
3668,115
3669,102
3670,97
3671,26
3672,24
3673,46
3674,28
3675,60
3676,54
3677,47
3678,44
3679,73
3680,68
3681,181
3682,51
3683,63
3684,49
3685,118
3686,67
3687,102
3688,93
3689,101
3690,74
3691,86
3692,57
3693,61
3694,44
3695,61
3696,50
3697,179
3698,72
3699,31
3700,95
3701,298
3702,351
3703,405
3704,87
3705,683
3706,102
3707,1146
3708,241
3709,323
3710,815
3711,743
3712,250
3713,269
3714,269
3715,92
3716,154
3717,151
3718,48
3719,54
3720,97
3721,184
3722,44
3723,180
3724,111
3725,541
3726,342
3727,209
3728,155
3729,159
3730,86
3731,703
3732,324
3733,251
3734,84
3735,117
3736,128
3737,319
3738,60
3739,130
3740,263
3741,168
3742,160
3743,138
3744,145
3745,262
3746,388
3747,407
3748,148
3749,408
3750,89
3751,633
3752,264
3753,594
3754,603
3755,723
3756,261
3757,245
3758,167
3759,107
3760,98
3761,159
3762,69
3763,89
3764,133
3765,30
3766,38
3767,242
3768,201
3769,340
3770,45
3771,360
3772,90
3773,635
3774,162
3775,357
3776,355
3777,334
3778,133
3779,148
3780,172
3781,70
3782,89
3783,116
3784,38
3807,231
3808,197
3809,49
3810,97
3811,529
3812,508
3813,372
3814,58
3815,1240
3816,203
3817,1058
3818,228
3819,374
3820,552
3821,813
3822,319
3823,282
3824,508
3825,109
3826,258
3827,128
3828,55
3829,234
3830,272
3831,149
3832,304
3833,450
3834,145
3835,530
3836,105
3837,1014
3838,130
3839,506
3840,103
3841,461
3842,481
3843,262
3844,196
3845,289
3846,107
3847,190
3848,252
3849,158
3850,202
3851,146
3852,139
3853,89
3854,46
3855,369
3856,446
3857,482
3858,171
3859,593
3860,257
3861,667
3862,255
3863,452
3864,820
3865,342
3866,171
3867,385
3868,288
3869,96
3870,143
3871,317
3872,56
3873,27
3874,29
3875,54
3876,21
3877,50
3878,57
3879,143
3880,36
3881,25
3882,23
3883,50
3884,43
3885,93
3886,135
3887,36
3888,51
3889,183
3890,24
3891,33
3892,38
3893,122
3894,35
3895,73
3896,322
3897,322
3898,74
3899,745
3900,269
3901,471
3902,429
3903,496
3904,201
3905,467
3906,215
3907,891
3908,628
3909,318
3910,208
3911,372
3912,143
3913,114
3914,477
3915,400
3916,100
3917,178
3918,427
3919,454
3920,193
3921,1076
3922,328
3923,648
3924,360
3925,962
3926,203
3927,979
3928,265
3929,827
3930,998
3931,749
3932,307
3933,663
3934,308
3935,189
3936,790
3937,420
3938,178
3939,35
3940,707
3941,48
3942,92
3943,327
3944,113
3945,316
3946,102
3947,408
3948,35
3949,443
3950,57
3951,543
3952,420
3953,281
3954,277
3955,227
3956,102
3957,134
3958,330
3959,114
3960,43
3961,50
3962,90
3963,48
3964,59
3965,388
3966,89
3967,269
3968,95
3969,218
3970,86
3971,263
3972,62
3973,385
3974,285
3975,185
3976,36
3977,172
3978,59
3979,26
3980,309
3981,210
3982,25
3983,307
3984,67
3985,64
3986,39
3987,207
3988,273
3989,288
3990,159
3991,342
3992,112
3993,669
3994,255
3995,252
3996,528
3997,272
3998,253
3999,270
4000,87
4001,34
4002,45
4003,155
4004,25
4005,113
4006,101
4007,76
4008,50
4009,219
4010,139
4011,147
4012,35
4013,560
4014,160
4015,370
4016,94
4017,117
4018,116
4019,357
4020,186
4021,345
4022,107
4023,97
4024,117
4025,253
4026,46
4027,203
4028,250
4029,151
4030,232
4031,288
4032,118
4033,466
4034,182
4035,2428
4036,262
4037,639
4038,129
4039,339
4040,342
4041,554
4042,291
4043,263
4044,255
4045,629
4046,88
4047,271
4048,255
4049,376
4050,398
4051,304
4052,270
4053,687
4054,400
4055,1310
4056,445
4057,3495
4058,960
4059,1991
4060,483
4061,1220
4062,1123
4063,1617
4064,747
4065,682
4066,1228
4067,1316
4068,241
4069,455
4070,831
4071,111
4072,258
4073,214
4074,344
4075,318
4076,105
4077,369
4078,147
4079,1387
4080,118
4081,397
4082,110
4083,385
4084,364
4085,373
4086,213
4087,225
4088,91
4089,475
4090,125
4091,234
4092,250
4093,148
4094,240
4095,165
4096,120
4097,371
4098,239
4099,513
4100,193
4101,3590
4102,417
4103,1155
4104,342
4105,529
4106,664
4107,1250
4108,488
4109,556
4110,621
4111,567
4112,146
4113,249
4114,292
4115,135
4116,1767
4117,432
4118,95
4119,946
4120,923
4121,2316
4122,1110
4123,1277
4124,1070
4125,1304
4126,529
4127,2412
4128,2343
4129,1068
4130,737
4131,922
4132,317
4133,903
4134,188
4135,1011
4136,506
4137,206
4138,378
4139,492
4140,79
4141,756
4142,762
4143,1488
4144,505
4145,3309
4146,437
4147,1251
4148,571
4149,2758
4150,2500
4151,958
4152,832
4153,1096
4154,330
4155,331
4156,351
4157,439
4158,423
4159,1300
4160,219
4161,209
4162,1339
4163,398
4164,408
4165,1539
4166,334
4167,1416
4168,154
4169,1440
4170,198
4171,978
4172,997
4173,1153
4174,313
4175,284
4176,274
4177,475
4178,182
4179,433
4180,301
4181,390
4182,66
4183,46
4184,61
4185,248
4186,365
4187,362
4188,61
4189,313
4190,63
4191,773
4192,222
4193,211
4194,318
4195,581
4196,219
4197,217
4198,110
4199,62
4200,59
4201,117
4202,32
4203,789
4204,279
4205,290
4206,369
4207,671
4208,637
4209,1037
4210,358
4211,956
4212,255
4213,1139
4214,697
4215,690
4216,1002
4217,816
4218,759
4219,851
4220,341
4221,264
4222,271
4223,323
4224,135
4225,965
4226,408
4227,415
4228,163
4229,1218
4230,1528
4231,3430
4232,863
4233,2311
4234,795
4235,3253
4236,1156
4237,1992
4238,2839
4239,2347
4240,1084
4241,1113
4242,947
4243,509
4244,416
4245,811
4246,263
4247,95
4248,242
4249,217
4250,322
4251,771
4252,540
4253,1471
4254,572
4255,1228
4256,470
4257,991
4258,556
4259,1143
4260,1478
4261,1627
4262,422
4263,645
4264,620
4265,155
4266,351
4267,886
4268,105
4269,52
4270,309
4271,216
4272,57
4273,523
4274,340
4275,1011
4276,584
4277,805
4278,332
4279,421
4280,330
4281,1133
4282,979
4283,458
4284,337
4285,445
4286,197
4287,306
4288,188
4289,490
4290,189
4291,90
4292,598
4293,489
4294,90
4295,909
4296,657
4297,1445
4298,629
4299,852
4300,479
4301,996
4302,579
4303,1685
4304,1421
4305,745
4306,638
4307,606
4308,391
4309,285
4310,308
4311,552
4312,552
4313,264
4314,1125
4315,961
4316,241
4317,1714
4318,1374
4319,2766
4320,966
4321,2408
4322,649
4323,2513
4324,1003
4325,2801
4326,2851
4327,1861
4328,1174
4329,1385
4330,678
4331,1145
4332,606
4333,842
4334,800
4335,573
4336,418
4337,604
4338,772
4339,702
4340,681
4341,1368
4342,731
4343,607
4344,163
4345,1359
4346,384
4347,1470
4348,1277
4349,732
4350,336
4351,466
4352,262
4353,233
4354,393
4355,569
4356,121
4357,77
4358,874
4359,724
4360,196
4361,1984
4362,309
4363,2323
4364,904
4365,1807
4366,310
4367,584
4368,256
4369,2627
4370,1517
4371,516
4372,333
4373,926
4374,384
4375,1127
4376,131
4377,501
4378,1286
4379,1719
4380,899
4381,539
4382,317
4383,1725
4384,1423
4385,2433
4386,1184
4387,1438
4388,392
4389,2405
4390,1018
4391,2804
4392,2604
4393,1555
4394,948
4395,1319
4396,940
4397,716
4398,682
4399,1265
4400,315
4401,242
4402,478
4403,591
4404,109
4405,834
4406,670
4407,2532
4408,1284
4409,548
4410,223
4411,942
4412,254
4413,2651
4414,1423
4415,514
4416,163
4417,394
4418,214
4419,699
4420,221
4421,633
4422,516
4423,251
4424,409
4425,582
4426,819
4427,789
4428,543
4429,1724
4430,479
4431,848
4432,198
4433,1336
4434,330
4435,1555
4436,1520
4437,755
4438,492
4439,451
4440,397
4441,672
4442,367
4443,469
4444,838
4445,367
4446,220
4447,74
4448,140
4449,382
4450,380
4451,618
4452,69
4453,573
4454,78
4455,753
4456,282
4457,449
4458,342
4459,799
4460,276
4461,390
4462,213
4463,136
4464,125
4465,135
4466,105
4467,341
4468,369
4469,423
4470,338
4471,1327
4472,843
4473,1597
4474,512
4475,1025
4476,259
4477,1836
4478,481
4479,2362
4480,1628
4481,1299
4482,598
4483,602
4484,439
4485,748
4486,294
4487,537
4488,554
4489,643
4490,200
4491,252
4492,441
4493,546
4494,498
4495,1800
4496,195
4497,676
4498,142
4499,1748
4500,264
4501,1450
4502,1166
4503,1540
4504,300
4505,337
4506,268
4507,300
4508,80
4509,316
4510,252
4511,27
4512,36
4513,59
4514,23
4515,82
4516,208
4517,435
4518,180
4519,72
4520,42
4521,162
4522,51
4523,400
4524,213
4525,60
4526,77
4527,84
4528,28
4529,77
4530,47
4531,68
4532,55
4533,525
4534,201
4535,117
4536,505
4537,503
4538,319
4539,552
4540,136
4541,1219
4542,126
4543,1228
4544,221
4545,406
4546,363
4547,1151
4548,312
4549,282
4550,411
4551,217
4552,206
4553,192
4554,93
4555,260
4556,126
4557,111
4558,204
4559,263
4560,184
4561,245
4562,99
4563,443
4564,95
4565,583
4566,138
4567,200
4568,194
4569,540
4570,198
4571,154
4572,195
4573,125
4574,103
4575,126
4576,46
4577,521
4578,191
4579,105
4580,601
4581,458
4582,214
4583,444
4584,115
4585,1123
4586,116
4587,1039
4588,152
4589,262
4590,260
4591,882
4592,313
4593,189
4594,292
4595,202
4596,164
4597,190
4598,97
4599,101
4600,44
4601,32
4602,69
4603,98
4604,72
4605,129
4606,26
4607,164
4608,29
4609,318
4610,47
4611,83
4612,76
4613,327
4614,63
4615,42
4616,40
4617,48
4618,27
4619,50
4620,26
4621,417
4622,128
4623,106
4624,471
4625,472
4626,313
4627,580
4628,99
4629,741
4630,84
4631,1014
4632,174
4633,439
4634,344
4635,1179
4636,261
4637,257
4638,185
4639,308
4640,113
4641,223
4642,105
4643,297
4644,141
4645,119
4646,198
4647,279
4648,190
4649,361
4650,94
4651,520
4652,86
4653,705
4654,142
4655,280
4656,212
4657,776
4658,231
4659,196
4660,174
4661,130
4662,71
4663,113
4664,75
4665,387
4666,225
4667,124
4668,644
4669,452
4670,261
4671,547
4672,106
4673,1044
4674,107
4675,1007
4676,211
4677,460
4678,371
4679,1058
4680,373
4681,380
4682,212
4683,343
4684,127
4685,245
4686,93
4687,598
4688,278
4689,115
4690,562
4691,581
4692,385
4693,563
4694,111
4695,1505
4696,150
4697,1393
4698,227
4699,518
4700,493
4701,1440
4702,315
4703,363
4704,355
4705,270
4706,266
4707,223
4708,123
4709,114
4710,352
4711,110
4712,65
4713,200
4714,575
4715,1207
4716,332
4717,2281
4718,937
4719,982
4720,293
4721,1003
4722,2009
4723,545
4724,230
4725,438
4726,252
4727,355
4728,89
4729,370
4730,329
4731,462
4732,174
4733,286
4734,46
4735,464
4736,261
4737,712
4738,165
4739,179
4740,48
4741,726
4742,180
4743,552
4744,407
4745,463
4746,153
4747,249
4748,167
4749,66
4750,60
4751,510
4752,68
4753,217
4754,97
4755,53
4756,79
4757,128
4758,93
4759,312
4760,55
4761,95
4762,32
4763,358
4764,64
4765,185
4766,159
4767,260
4768,49
4769,93
4770,59
4771,38
4772,49
4773,101
4774,38
4775,146
4776,67
4777,89
4778,353
4779,314
4780,160
4781,660
4782,114
4783,1653
4784,185
4785,653
4786,192
4787,461
4788,238
4789,600
4790,357
4791,310
4792,536
4793,206
4794,221
4795,112
4796,98
4797,106
4798,200
4799,330
4800,426
4801,454
4802,152
4803,576
4804,188
4805,1645
4806,171
4807,436
4808,171
4809,844
4810,435
4811,378
4812,769
4813,335
4814,234
4815,491
4816,250
4817,378
4818,241
4819,38
4820,73
4821,71
4822,27
4823,127
4824,84
4825,160
4826,62
4827,392
4828,81
4829,295
4830,106
4831,170
4832,173
4833,269
4834,93
4835,109
4836,101
4837,99
4838,45
4839,52
4840,44
4841,227
4842,271
4843,383
4844,245
4845,714
4846,478
4847,2372
4848,831
4849,3585
4850,1579
4851,2240
4852,990
4853,1933
4854,1626
4855,1370
4856,896
4857,1284
4858,1102
4859,1444
4860,405
4861,318
4862,649
4863,164
4864,341
4865,345
4866,314
4867,355
4868,361
4869,835
4870,380
4871,1722
4872,231
4873,714
4874,258
4875,824
4876,837
4877,644
4878,773
4879,539
4880,483
4881,597
4882,129
4883,375
4884,443
4885,184
4886,299
4887,302
4888,116
4889,372
4890,381
4891,866
4892,319
4893,2374
4894,288
4895,957
4896,364
4897,845
4898,893
4899,901
4900,758
4901,383
4902,518
4903,449
4904,151
4905,280
4906,307
4907,104
4908,33
4909,30
4910,160
4911,28
4912,33
4913,214
4914,66
4915,602
4916,26
4917,258
4918,34
4919,186
4920,90
4921,285
4922,42
4923,29
4924,41
4925,92
4926,24
4927,33
4928,34
4929,155
4930,223
4931,105
4932,88
4933,292
4934,225
4935,564
4936,188
4937,2347
4938,198
4939,573
4940,234
4941,496
4942,424
4943,709
4944,399
4945,308
4946,466
4947,326
4948,99
4949,135
4950,149
4951,262
4952,103
4953,145
4954,353
4955,238
4956,217
4957,740
4958,334
4959,2488
4960,99
4961,866
4962,198
4963,794
4964,496
4965,1147
4966,365
4967,359
4968,386
4969,831
4970,108
4971,149
4972,366
4973,174
4974,43
4975,48
4976,274
4977,182
4978,65
4979,193
4980,38
4981,329
4982,37
4983,187
4984,47
4985,111
4986,109
4987,101
4988,90
4989,99
4990,76
4991,72
4992,82
4993,92
4994,42
4995,49
4996,47
4997,32
4998,18
4999,61
5000,147
5001,189
5002,52
5003,249
5004,25
5005,286
5006,114
5007,183
5008,258
5009,313
5010,98
5011,97
5012,76
5013,30
5014,15
5015,43
5016,24
5017,34
5018,44
5019,26
5020,27
5021,50
5022,58
5023,191
5024,35
5025,40
5026,25
5027,97
5028,49
5029,104
5030,89
5031,104
5032,59
5033,85
5034,33
5035,52
5036,20
5037,52
5038,27
5039,172
5040,74
5041,38
5042,85
5043,362
5044,350
5045,475
5046,81
5047,606
5048,86
5049,1011
5050,257
5051,354
5052,854
5053,852
5054,263
5055,279
5056,246
5057,91
5058,145
5059,152
5060,44
5061,26
5062,84
5063,134
5064,22
5065,174
5066,94
5067,520
5068,298
5069,151
5070,98
5071,124
5072,67
5073,625
5074,302
5075,241
5076,62
5077,87
5078,86
5079,315
5080,29
5081,119
5082,223
5083,161
5084,145
5085,142
5086,133
5087,255
5088,408
5089,493
5090,137
5091,381
5092,53
5093,634
5094,280
5095,595
5096,743
5097,847
5098,279
5099,246
5100,144
5101,94
5102,79
5103,167
5104,59
5105,73
5106,134
5107,28
5108,39
5109,223
5110,193
5111,352
5112,42
5113,348
5114,72
5115,524
5116,154
5117,363
5118,330
5119,337
5120,131
5121,146
5122,155
5123,66
5124,60
5125,106
5126,34
5149,216
5150,176
5151,58
5152,94
5153,458
5154,466
5155,467
5156,67
5157,1188
5158,167
5159,990
5160,224
5161,429
5162,545
5163,788
5164,334
5165,267
5166,398
5167,108
5168,239
5169,134
5170,61
5171,170
5172,199
5173,128
5174,224
5175,363
5176,121
5177,434
5178,81
5179,769
5180,75
5181,376
5182,84
5183,410
5184,349
5185,226
5186,156
5187,209
5188,73
5189,142
5190,198
5191,143
5192,160
5193,118
5194,117
5195,84
5196,52
5197,335
5198,511
5199,597
5200,154
5201,545
5202,207
5203,624
5204,241
5205,480
5206,915
5207,322
5208,159
5209,342
5210,237
5211,88
5212,135
5213,311
5214,51
5215,22
5216,36
5217,48
5218,17
5219,40
5220,51
5221,161
5222,48
5223,30
5224,19
5225,46
5226,47
5227,89
5228,143
5229,37
5230,51
5231,165
5232,21
5233,40
5234,29
5235,127
5236,41
5237,60
5238,294
5239,287
5240,59
5241,753
5242,276
5243,463
5244,481
5245,411
5246,141
5247,432
5248,202
5249,1070
5250,692
5251,317
5252,181
5253,339
5254,104
5255,100
5256,424
5257,441
5258,83
5259,190
5260,381
5261,422
5262,178
5263,1013
5264,361
5265,822
5266,341
5267,1109
5268,178
5269,1092
5270,265
5271,1030
5272,1190
5273,973
5274,308
5275,686
5276,274
5277,210
5278,808
5279,443
5280,149
5281,28
5282,557
5283,41
5284,71
5285,300
5286,85
5287,275
5288,78
5289,331
5290,27
5291,334
5292,50
5293,403
5294,347
5295,261
5296,247
5297,175
5298,67
5299,113
5300,288
5301,99
5302,25
5303,41
5304,82
5305,51
5306,53
5307,352
5308,74
5309,251
5310,78
5311,188
5312,64
5313,227
5314,60
5315,395
5316,261
5317,168
5318,41
5319,152
5320,48
5321,22
5322,285
5323,197
5324,20
5325,296
5326,64
5327,63
5328,45
5329,217
5330,256
5331,298
5332,148
5333,298
5334,82
5335,681
5336,246
5337,293
5338,615
5339,271
5340,243
5341,225
5342,66
5343,35
5344,40
5345,151
5346,20
5347,98
5348,84
5349,85
5350,53
5351,205
5352,135
5353,126
5354,40
5355,455
5356,131
5357,317
5358,94
5359,111
5360,107
5361,310
5362,168
5363,276
5364,94
5365,103
5366,81
5367,217
5368,45
